<linker>
  <assembly fullname="Assembly-CSharp, Version=0.0.0.0, Culture=neutral, PublicKeyToken=null">
    <type fullname="BallerAccumulator" preserve="all" />
    <type fullname="BombHead" preserve="all" />
    <type fullname="BotBase" preserve="all" />
    <type fullname="BotData" preserve="all" />
    <type fullname="BotPathfinder" preserve="all" />
    <type fullname="BotTextToSpeech" preserve="all" />
    <type fullname="BrickDamaging" preserve="all" />
    <type fullname="Club" preserve="all" />
    <type fullname="CraftingRecipe" preserve="all" />
    <type fullname="Entity" preserve="all" />
    <type fullname="EntityHealth" preserve="all" />
    <type fullname="EntityMovement" preserve="all" />
    <type fullname="Eye" preserve="all" />
    <type fullname="Firework" preserve="all" />
    <type fullname="FireworkLauncher" preserve="all" />
    <type fullname="HolsterGizmo" preserve="all" />
    <type fullname="Icicle" preserve="all" />
    <type fullname="IcicleCannon" preserve="all" />
    <type fullname="ItemData" preserve="all" />
    <type fullname="OnTriggerRerouter" preserve="all" />
    <type fullname="Piece" preserve="all" />
    <type fullname="PieceDefinition" preserve="all" />
    <type fullname="ProjectileItemData" preserve="all" />
    <type fullname="ProjectileShooter" preserve="all" />
    <type fullname="Scooper" preserve="all" />
    <type fullname="ShovelItemData" preserve="all" />
    <type fullname="SnapPoint" preserve="all" />
    <type fullname="Snowball" preserve="all" />
    <type fullname="SnowballItemData" preserve="all" />
    <type fullname="TeslaCoil" preserve="all" />
    <type fullname=".BotAttribute" preserve="nothing" serialized="true" />
    <type fullname=".BotAttributeModifier" preserve="nothing" serialized="true" />
    <type fullname=".BotLootData" preserve="nothing" serialized="true" />
    <type fullname=".BotPartData" preserve="nothing" serialized="true" />
    <type fullname=".BrickDamaging/State" preserve="nothing" serialized="true" />
    <type fullname=".ElasticValueTweener" preserve="nothing" serialized="true" />
    <type fullname=".Item" preserve="nothing" serialized="true" />
    <type fullname=".ItemStack" preserve="nothing" serialized="true" />
    <type fullname=".RngItem" preserve="nothing" serialized="true" />
    <type fullname=".RngList`1" preserve="nothing" serialized="true" />
  </assembly>
  <assembly fullname="Unity.Addressables, Version=0.0.0.0, Culture=neutral, PublicKeyToken=null" preserve="all">
    <type fullname="UnityEngine.AddressableAssets.Addressables" preserve="all" />
  </assembly>
  <assembly fullname="Unity.RenderPipelines.Universal.Runtime, Version=0.0.0.0, Culture=neutral, PublicKeyToken=null">
    <type fullname="UnityEngine.Rendering.Universal.UniversalAdditionalLightData" preserve="all" />
  </assembly>
  <assembly fullname="Unity.ResourceManager, Version=0.0.0.0, Culture=neutral, PublicKeyToken=null" preserve="all">
    <type fullname="UnityEngine.ResourceManagement.ResourceProviders.AssetBundleProvider" preserve="all" />
    <type fullname="UnityEngine.ResourceManagement.ResourceProviders.BundledAssetProvider" preserve="all" />
    <type fullname="UnityEngine.ResourceManagement.ResourceProviders.InstanceProvider" preserve="all" />
    <type fullname="UnityEngine.ResourceManagement.ResourceProviders.SceneProvider" preserve="all" />
  </assembly>
  <assembly fullname="Unity.VisualEffectGraph.Runtime, Version=0.0.0.0, Culture=neutral, PublicKeyToken=null">
    <type fullname="UnityEngine.VFX.Utility.VFXPositionBinder" preserve="all" />
    <type fullname="UnityEngine.VFX.Utility.VFXPropertyBinder" preserve="all" />
    <type fullname="UnityEngine.VFX.Utility.ExposedProperty" preserve="nothing" serialized="true" />
  </assembly>
  <assembly fullname="UnityEngine.AudioModule, Version=0.0.0.0, Culture=neutral, PublicKeyToken=null">
    <type fullname="UnityEngine.AudioClip" preserve="all" />
  </assembly>
  <assembly fullname="UnityEngine.CoreModule, Version=0.0.0.0, Culture=neutral, PublicKeyToken=null">
    <type fullname="UnityEngine.ComputeShader" preserve="all" />
    <type fullname="UnityEngine.GameObject" preserve="all" />
    <type fullname="UnityEngine.Light" preserve="all" />
    <type fullname="UnityEngine.Material" preserve="all" />
    <type fullname="UnityEngine.Mesh" preserve="all" />
    <type fullname="UnityEngine.MeshFilter" preserve="all" />
    <type fullname="UnityEngine.MeshRenderer" preserve="all" />
    <type fullname="UnityEngine.Object" preserve="all" />
    <type fullname="UnityEngine.ReflectionProbe" preserve="all" />
    <type fullname="UnityEngine.Shader" preserve="all" />
    <type fullname="UnityEngine.Sprite" preserve="all" />
    <type fullname="UnityEngine.Texture2D" preserve="all" />
    <type fullname="UnityEngine.TrailRenderer" preserve="all" />
    <type fullname="UnityEngine.Transform" preserve="all" />
    <type fullname="UnityEngine.Events.PersistentCallGroup" preserve="nothing" serialized="true" />
    <type fullname="UnityEngine.Events.UnityEvent" preserve="nothing" serialized="true" />
    <type fullname="UnityEngine.Events.UnityEvent`1" preserve="nothing" serialized="true" />
  </assembly>
  <assembly fullname="UnityEngine.ParticleSystemModule, Version=0.0.0.0, Culture=neutral, PublicKeyToken=null">
    <type fullname="UnityEngine.ParticleSystem" preserve="all" />
    <type fullname="UnityEngine.ParticleSystemRenderer" preserve="all" />
  </assembly>
  <assembly fullname="UnityEngine.PhysicsModule, Version=0.0.0.0, Culture=neutral, PublicKeyToken=null">
    <type fullname="UnityEngine.BoxCollider" preserve="all" />
    <type fullname="UnityEngine.CapsuleCollider" preserve="all" />
    <type fullname="UnityEngine.CharacterController" preserve="all" />
    <type fullname="UnityEngine.MeshCollider" preserve="all" />
    <type fullname="UnityEngine.Rigidbody" preserve="all" />
    <type fullname="UnityEngine.SphereCollider" preserve="all" />
  </assembly>
  <assembly fullname="UnityEngine.VFXModule, Version=0.0.0.0, Culture=neutral, PublicKeyToken=null">
    <type fullname="UnityEngine.VFX.VFXRenderer" preserve="all" />
    <type fullname="UnityEngine.VFX.VisualEffect" preserve="all" />
    <type fullname="UnityEngine.VFX.VisualEffectAsset" preserve="all" />
  </assembly>
</linker>